username,token
user1,eyJhbGciOiJIUzM4NCJ9.eyJzdWIiOiJ1c2VyMSIsInJvbGUiOiJVU0VSIiwiaWF0IjoxNzc5NDI3MjI4LCJleHAiOjE3Nzk1MTM2Mjh9.jvjnEGCoC7YTpT31bByWNOoUrkCqCkdajM5oLuz3oLWSI3fCY_wRSyngfyFkGOUx
user2,eyJhbGciOiJIUzM4NCJ9.eyJzdWIiOiJ1c2VyMiIsInJvbGUiOiJVU0VSIiwiaWF0IjoxNzc5NDI3MjI5LCJleHAiOjE3Nzk1MTM2Mjl9.H9mOLoQLqfG2vvATOtV-NKoz2GWVP9ogGcG-U5tIacx6yHNFkxiqRmccfNu06rMz
user3,eyJhbGciOiJIUzM4NCJ9.eyJzdWIiOiJ1c2VyMyIsInJvbGUiOiJVU0VSIiwiaWF0IjoxNzc5NDI3MjI5LCJleHAiOjE3Nzk1MTM2Mjl9.BlU_CH73O9yVWCJGSlNGwzicRtiPt00XEJNicXHRxI-fJI4vwrOPtblaifIrtp1O
user4,eyJhbGciOiJIUzM4NCJ9.eyJzdWIiOiJ1c2VyNCIsInJvbGUiOiJVU0VSIiwiaWF0IjoxNzc5NDI3MjI5LCJleHAiOjE3Nzk1MTM2Mjl9.gmY3VcSNOu9tNbniZOi3eKIdjK0YsnpKdpprx0EKN7qtKeFe4PeG_ugin_x1hOs9
user5,eyJhbGciOiJIUzM4NCJ9.eyJzdWIiOiJ1c2VyNSIsInJvbGUiOiJVU0VSIiwiaWF0IjoxNzc5NDI3MjI5LCJleHAiOjE3Nzk1MTM2Mjl9.BsHl7_4A02m3mkhhhjPrEv3WARrL4R1ijBzNWeQsBTBplOlRKr5hoBB3D2Wqm7CY
user6,eyJhbGciOiJIUzM4NCJ9.eyJzdWIiOiJ1c2VyNiIsInJvbGUiOiJVU0VSIiwiaWF0IjoxNzc5NDI3MjI5LCJleHAiOjE3Nzk1MTM2Mjl9.QE2_KyzB3iSLD3Ifc9H3-K6MBFulP48JtqaJqrRLhZVswUlVuYrlpulAvoX0cRal
user7,eyJhbGciOiJIUzM4NCJ9.eyJzdWIiOiJ1c2VyNyIsInJvbGUiOiJVU0VSIiwiaWF0IjoxNzc5NDI3MjI5LCJleHAiOjE3Nzk1MTM2Mjl9.LsrY_43ziW-MLY41cZWH0c26ibUHEb4m6wR8_5eBAKOeiQYuNFz4CekVcNcTcXvf
user8,eyJhbGciOiJIUzM4NCJ9.eyJzdWIiOiJ1c2VyOCIsInJvbGUiOiJVU0VSIiwiaWF0IjoxNzc5NDI3MjI5LCJleHAiOjE3Nzk1MTM2Mjl9.UKj65buGPRwY3gGsGVUPHjqZJQuFc5noO0C72vtzzWQcHv_7yzEJCoXm8hkmAcmL
user9,eyJhbGciOiJIUzM4NCJ9.eyJzdWIiOiJ1c2VyOSIsInJvbGUiOiJVU0VSIiwiaWF0IjoxNzc5NDI3MjI5LCJleHAiOjE3Nzk1MTM2Mjl9.3Pc9q4M--maFtLjT-whaHROfyMPzDF4lvH64Wn6wX1O08EnDMWeqh91JP4oRirCi
user10,eyJhbGciOiJIUzM4NCJ9.eyJzdWIiOiJ1c2VyMTAiLCJyb2xlIjoiVVNFUiIsImlhdCI6MTc3OTQyNzIyOSwiZXhwIjoxNzc5NTEzNjI5fQ.HWOTOkbVU8W1PC-Md_4orYx-MP1i2llnZCe28W00nhxADZ1CkoMcRXpo7OPXcaO5
user11,eyJhbGciOiJIUzM4NCJ9.eyJzdWIiOiJ1c2VyMTEiLCJyb2xlIjoiVVNFUiIsImlhdCI6MTc3OTQyNzIyOSwiZXhwIjoxNzc5NTEzNjI5fQ.s18s0WZ30WtMawyEUy3Tl_yz6-RGPkjaywiW5AMjK_lfq-tkwyb6FqFayaz2MIqU
user12,eyJhbGciOiJIUzM4NCJ9.eyJzdWIiOiJ1c2VyMTIiLCJyb2xlIjoiVVNFUiIsImlhdCI6MTc3OTQyNzIyOSwiZXhwIjoxNzc5NTEzNjI5fQ.yCZH4af330Zqmj-2Z96Vyc9ftCZXcUng4v2FyJIeFcyT85eO_iEEaLQGM0D3kmB-
user13,eyJhbGciOiJIUzM4NCJ9.eyJzdWIiOiJ1c2VyMTMiLCJyb2xlIjoiVVNFUiIsImlhdCI6MTc3OTQyNzIzMCwiZXhwIjoxNzc5NTEzNjMwfQ.2FLbkBRcZ3IuMBZdKo8VrXAieU9xIJ4gNkEKynsnHDB5ibrHUtb9JuF3E8CrskCN
user14,eyJhbGciOiJIUzM4NCJ9.eyJzdWIiOiJ1c2VyMTQiLCJyb2xlIjoiVVNFUiIsImlhdCI6MTc3OTQyNzIzMCwiZXhwIjoxNzc5NTEzNjMwfQ.8UeAWbVA-mchXekSkpn2mBY1yF_89vGM_yGwrd9rI4ba6fei-1OJUVdDSqKqTIy8
user15,eyJhbGciOiJIUzM4NCJ9.eyJzdWIiOiJ1c2VyMTUiLCJyb2xlIjoiVVNFUiIsImlhdCI6MTc3OTQyNzIzMCwiZXhwIjoxNzc5NTEzNjMwfQ.wSJ7c1KHl8qb6kJDn-6uRMmi-w5MPsWmnAClcZ6VL4IRf1TiaRqKyi9WzyAcrtJK
user16,eyJhbGciOiJIUzM4NCJ9.eyJzdWIiOiJ1c2VyMTYiLCJyb2xlIjoiVVNFUiIsImlhdCI6MTc3OTQyNzIzMCwiZXhwIjoxNzc5NTEzNjMwfQ.rv32HWX7PNbBQDtjGolmsg7fRyhJrPnSrKcw33yfM5q4Lx5alZOsx9SYjnIp5jQT
user17,eyJhbGciOiJIUzM4NCJ9.eyJzdWIiOiJ1c2VyMTciLCJyb2xlIjoiVVNFUiIsImlhdCI6MTc3OTQyNzIzMCwiZXhwIjoxNzc5NTEzNjMwfQ.DwTQdq9S9N-S-kD93HwUDqNlIe4STpd-vX-C501xugjS53RuSHCiITzPPbMyKWzj
user18,eyJhbGciOiJIUzM4NCJ9.eyJzdWIiOiJ1c2VyMTgiLCJyb2xlIjoiVVNFUiIsImlhdCI6MTc3OTQyNzIzMCwiZXhwIjoxNzc5NTEzNjMwfQ.JBT2aynx47-NWICCms9goOxY166WOqDXG1b5HKu3DuiRmQe5cMBld7J0tiGq1LEn
user19,eyJhbGciOiJIUzM4NCJ9.eyJzdWIiOiJ1c2VyMTkiLCJyb2xlIjoiVVNFUiIsImlhdCI6MTc3OTQyNzIzMCwiZXhwIjoxNzc5NTEzNjMwfQ.uU8geUxqLQ0qyLlINQCu2zwvf7pic49u1GTLzlswQAcEBAprTUw6y2h2WOJr1Z5D
user20,eyJhbGciOiJIUzM4NCJ9.eyJzdWIiOiJ1c2VyMjAiLCJyb2xlIjoiVVNFUiIsImlhdCI6MTc3OTQyNzIzMCwiZXhwIjoxNzc5NTEzNjMwfQ.Du05acM5nIkHY9F_cmqAcYVUPUP0XsQl3pHtelWx7S0DTGz1WvwH7WAN3X7epF26
user21,eyJhbGciOiJIUzM4NCJ9.eyJzdWIiOiJ1c2VyMjEiLCJyb2xlIjoiVVNFUiIsImlhdCI6MTc3OTQyNzIzMCwiZXhwIjoxNzc5NTEzNjMwfQ.z8KztBRQHSa5risOhILdGYeOsrY0PoaddXse5VhfToRGS2uHNBelQ6LgipoNSbes
user22,eyJhbGciOiJIUzM4NCJ9.eyJzdWIiOiJ1c2VyMjIiLCJyb2xlIjoiVVNFUiIsImlhdCI6MTc3OTQyNzIzMCwiZXhwIjoxNzc5NTEzNjMwfQ.sEeAa5xkW58-QruoRrVePMRfrdkpmgtBkdGLMyjJtdT8MC4Qaa1VVPesXS6jrn8g
user23,eyJhbGciOiJIUzM4NCJ9.eyJzdWIiOiJ1c2VyMjMiLCJyb2xlIjoiVVNFUiIsImlhdCI6MTc3OTQyNzIzMCwiZXhwIjoxNzc5NTEzNjMwfQ.hBRtnQADW5uS087CssXRVyTKNUXEp_1KBYWqGgw4_Ly8r_UfPcqKVNzADNxPPZ-1
user24,eyJhbGciOiJIUzM4NCJ9.eyJzdWIiOiJ1c2VyMjQiLCJyb2xlIjoiVVNFUiIsImlhdCI6MTc3OTQyNzIzMCwiZXhwIjoxNzc5NTEzNjMwfQ.ItpYZWT-oT3CGgmuJ9CLmjmW_UYQEwnfrGZY6AfDPinKGV_1eK0aec11VQuvakiE
user25,eyJhbGciOiJIUzM4NCJ9.eyJzdWIiOiJ1c2VyMjUiLCJyb2xlIjoiVVNFUiIsImlhdCI6MTc3OTQyNzIzMSwiZXhwIjoxNzc5NTEzNjMxfQ.BAfG6ebPGzOdNQ4dXjlgl3nAmqtYb9TtHtm6RGbLriGcCAjmVHklAns4vstVKlyS
user26,eyJhbGciOiJIUzM4NCJ9.eyJzdWIiOiJ1c2VyMjYiLCJyb2xlIjoiVVNFUiIsImlhdCI6MTc3OTQyNzIzMSwiZXhwIjoxNzc5NTEzNjMxfQ.ltBDPg0_XdPgtF1HJAy8-qhMM-6-g28rekcupfIb-tBwyGfc3HHFc1zLXBLoKsuZ
user27,eyJhbGciOiJIUzM4NCJ9.eyJzdWIiOiJ1c2VyMjciLCJyb2xlIjoiVVNFUiIsImlhdCI6MTc3OTQyNzIzMSwiZXhwIjoxNzc5NTEzNjMxfQ.Paiz7P0y61tfrrPtSzElZTCtLVd9N5uMkEVzd16C0Gri9beuR7MTK5dKTU-8H1Mn
user28,eyJhbGciOiJIUzM4NCJ9.eyJzdWIiOiJ1c2VyMjgiLCJyb2xlIjoiVVNFUiIsImlhdCI6MTc3OTQyNzIzMSwiZXhwIjoxNzc5NTEzNjMxfQ.haDcIfhA1i2dKsA2zab4fcWYYgyji7PArGCqy_cwg9J1x5GUL_y4O1A9K6x6Y4rz
user29,eyJhbGciOiJIUzM4NCJ9.eyJzdWIiOiJ1c2VyMjkiLCJyb2xlIjoiVVNFUiIsImlhdCI6MTc3OTQyNzIzMSwiZXhwIjoxNzc5NTEzNjMxfQ.mg-La29biTI3GJd6Kxy5AeXcivbTNrsZQU9oMeLtPYWVAfzr-7rrqxdtFQw9Rcvk
user30,eyJhbGciOiJIUzM4NCJ9.eyJzdWIiOiJ1c2VyMzAiLCJyb2xlIjoiVVNFUiIsImlhdCI6MTc3OTQyNzIzMSwiZXhwIjoxNzc5NTEzNjMxfQ.6ggNymgEWyMfDCcK6oNpKfzxOEo3C2dM8qllNnAvBHylkwHXLXnjkgj7gOdNEc8z
user31,eyJhbGciOiJIUzM4NCJ9.eyJzdWIiOiJ1c2VyMzEiLCJyb2xlIjoiVVNFUiIsImlhdCI6MTc3OTQyNzIzMSwiZXhwIjoxNzc5NTEzNjMxfQ.AYKMk2mlj--6t579SYsalAb0CRtYRrcgRGkg1AAuzns_NOQrJ4kqIoZjaY9TZgVK
user32,eyJhbGciOiJIUzM4NCJ9.eyJzdWIiOiJ1c2VyMzIiLCJyb2xlIjoiVVNFUiIsImlhdCI6MTc3OTQyNzIzMSwiZXhwIjoxNzc5NTEzNjMxfQ.1gc_kQCq1D4_8Ym-OILGxrTSO3W1CRdemDvZEVbkc4LzHTtyl4HNCyQs4IND9m9F
user33,eyJhbGciOiJIUzM4NCJ9.eyJzdWIiOiJ1c2VyMzMiLCJyb2xlIjoiVVNFUiIsImlhdCI6MTc3OTQyNzIzMSwiZXhwIjoxNzc5NTEzNjMxfQ.4XO3YWWej5cdSzqVl6U9hHCCAXmQ_zyTvcrP6g2_10uAB1zFC-T4gzn_CFZIleu8
user34,eyJhbGciOiJIUzM4NCJ9.eyJzdWIiOiJ1c2VyMzQiLCJyb2xlIjoiVVNFUiIsImlhdCI6MTc3OTQyNzIzMSwiZXhwIjoxNzc5NTEzNjMxfQ.T-83_nT_7uJ12YJGfpIr5OQQqP9U1I_gh1QSHNfT7SXhI6wI9wpYQVLB01s8EF3W
user35,eyJhbGciOiJIUzM4NCJ9.eyJzdWIiOiJ1c2VyMzUiLCJyb2xlIjoiVVNFUiIsImlhdCI6MTc3OTQyNzIzMSwiZXhwIjoxNzc5NTEzNjMxfQ.exTG-YSPV6XiRJ7-nll8ySYyLa3AQo-Y1bzH31BzaFMCjVOEiUBr7N-wvDr1amKo
user36,eyJhbGciOiJIUzM4NCJ9.eyJzdWIiOiJ1c2VyMzYiLCJyb2xlIjoiVVNFUiIsImlhdCI6MTc3OTQyNzIzMiwiZXhwIjoxNzc5NTEzNjMyfQ.-2CAIbYqSBYyM-mEoZQuO0QleOrCr4CharH3SzDiRLpubT907-pOe19zrQ3FsFTA
user37,eyJhbGciOiJIUzM4NCJ9.eyJzdWIiOiJ1c2VyMzciLCJyb2xlIjoiVVNFUiIsImlhdCI6MTc3OTQyNzIzMiwiZXhwIjoxNzc5NTEzNjMyfQ.HFVvIe_WPWM-H1pEzr9l2KcA9D8Z6k4zMCy9JgmY9iEy6jlQrT80QP-Fu9iVEduX
user38,eyJhbGciOiJIUzM4NCJ9.eyJzdWIiOiJ1c2VyMzgiLCJyb2xlIjoiVVNFUiIsImlhdCI6MTc3OTQyNzIzMiwiZXhwIjoxNzc5NTEzNjMyfQ.9kARshzsMu9VoR-lds6LL9YFuYNeqzDB5NFfGZ0qB9EwSfi3LwdXN28qjDYGyBid
user39,eyJhbGciOiJIUzM4NCJ9.eyJzdWIiOiJ1c2VyMzkiLCJyb2xlIjoiVVNFUiIsImlhdCI6MTc3OTQyNzIzMiwiZXhwIjoxNzc5NTEzNjMyfQ.2qbxO3aN6RqR9AFhshTagQJExFO5BACsE9TEkaJhGXjA3o07UHrltoM9lyuhjH8X
user40,eyJhbGciOiJIUzM4NCJ9.eyJzdWIiOiJ1c2VyNDAiLCJyb2xlIjoiVVNFUiIsImlhdCI6MTc3OTQyNzIzMiwiZXhwIjoxNzc5NTEzNjMyfQ._QHBB8z9j7XQbmzArMkZSGwSBc_8h-qdLcpy59psgIcSSt5LHHeDkuMfIiUayDXH
user41,eyJhbGciOiJIUzM4NCJ9.eyJzdWIiOiJ1c2VyNDEiLCJyb2xlIjoiVVNFUiIsImlhdCI6MTc3OTQyNzIzMiwiZXhwIjoxNzc5NTEzNjMyfQ.m2gkQeA8uDC8TlQvl5HatYCR2JK7Ou6ivaHf0KwulH8sdUBuUCvkYqKvYEoyyGFz
user42,eyJhbGciOiJIUzM4NCJ9.eyJzdWIiOiJ1c2VyNDIiLCJyb2xlIjoiVVNFUiIsImlhdCI6MTc3OTQyNzIzMiwiZXhwIjoxNzc5NTEzNjMyfQ.a_475PMjH0x6Af5gPv_xW1P-CmLRK80P8ntA4UafHkfRqki3eWl6fHbsAGPbFT56
user43,eyJhbGciOiJIUzM4NCJ9.eyJzdWIiOiJ1c2VyNDMiLCJyb2xlIjoiVVNFUiIsImlhdCI6MTc3OTQyNzIzMiwiZXhwIjoxNzc5NTEzNjMyfQ.KVdTmSaRrLImx_OnAc99AoDMhC-L8Wm74LU1TkmKVrvFwu7rpTPbXourrcYYLn9v
user44,eyJhbGciOiJIUzM4NCJ9.eyJzdWIiOiJ1c2VyNDQiLCJyb2xlIjoiVVNFUiIsImlhdCI6MTc3OTQyNzIzMiwiZXhwIjoxNzc5NTEzNjMyfQ.9F7w26TSdzjCGPgU9ST6tTVVOwJYDKDvEuGctzZ5hdXrEO37oKjKK49d6mDII1Nf
user45,eyJhbGciOiJIUzM4NCJ9.eyJzdWIiOiJ1c2VyNDUiLCJyb2xlIjoiVVNFUiIsImlhdCI6MTc3OTQyNzIzMiwiZXhwIjoxNzc5NTEzNjMyfQ.436wHm07KRYJ9SoHXcnyU8Rnt33O7J_ZiK3AIMCo8igFVhrd_rbpWm6ofC8Me18c
user46,eyJhbGciOiJIUzM4NCJ9.eyJzdWIiOiJ1c2VyNDYiLCJyb2xlIjoiVVNFUiIsImlhdCI6MTc3OTQyNzIzMiwiZXhwIjoxNzc5NTEzNjMyfQ.6cFBKqhEXJoELoxNjap6trWP8Fc3yCQBkM-0yZxa7jiG7DBHnORwkq4sdeYgdxwd
user47,eyJhbGciOiJIUzM4NCJ9.eyJzdWIiOiJ1c2VyNDciLCJyb2xlIjoiVVNFUiIsImlhdCI6MTc3OTQyNzIzMiwiZXhwIjoxNzc5NTEzNjMyfQ.cqB7SMt0-xSogVdi3rV-bcbbCAvaBNIz_VdNgb9sqtE65HiNnbspcBESEPL1PIxX
user48,eyJhbGciOiJIUzM4NCJ9.eyJzdWIiOiJ1c2VyNDgiLCJyb2xlIjoiVVNFUiIsImlhdCI6MTc3OTQyNzIzMywiZXhwIjoxNzc5NTEzNjMzfQ.nBcSDloZiNnErucLKcYIwl8ZOyjgkO9BXY1qOyX-1oi13Fa71WcH6Li_z4mspJvy
user49,eyJhbGciOiJIUzM4NCJ9.eyJzdWIiOiJ1c2VyNDkiLCJyb2xlIjoiVVNFUiIsImlhdCI6MTc3OTQyNzIzMywiZXhwIjoxNzc5NTEzNjMzfQ.r9AUyT9V9yaaEMevv8XlnmX9dSrM5YfIAAQyIaychC5fp8uxVX0jMCP4bSBfC9ZH
user50,eyJhbGciOiJIUzM4NCJ9.eyJzdWIiOiJ1c2VyNTAiLCJyb2xlIjoiVVNFUiIsImlhdCI6MTc3OTQyNzIzMywiZXhwIjoxNzc5NTEzNjMzfQ.TiAa0tDa1wnoQ6C6lXUxnPNHTwz39Uy8lzSAgB6fMl6eNeR_sEvLmvSb7pvjjZBP
